angry0,angry1,box0,box1,disgust0,disgust1,fear0,fear1,happy0,happy1,neutral0,neutral1,sad0,sad1,surprise0,surprise1
0.02,,"[424, 126, 368, 448]",,0.0,,0.01,,0.1,,0.58,,0.29,,0.0,
0.02,,"[422, 123, 369, 447]",,0.0,,0.01,,0.13,,0.49,,0.34,,0.0,
0.03,,"[428, 127, 365, 442]",,0.0,,0.02,,0.17,,0.46,,0.33,,0.0,
0.03,,"[426, 129, 366, 440]",,0.0,,0.02,,0.16,,0.38,,0.41,,0.0,
0.02,,"[414, 126, 372, 446]",,0.0,,0.02,,0.08,,0.5,,0.37,,0.0,
0.02,,"[414, 128, 370, 443]",,0.0,,0.02,,0.07,,0.48,,0.42,,0.0,
0.01,,"[416, 131, 367, 440]",,0.0,,0.02,,0.06,,0.62,,0.28,,0.0,
0.01,,"[413, 139, 366, 436]",,0.0,,0.02,,0.05,,0.59,,0.33,,0.0,
0.01,,"[411, 144, 364, 432]",,0.0,,0.02,,0.08,,0.64,,0.25,,0.0,
0.02,,"[405, 151, 366, 428]",,0.0,,0.04,,0.05,,0.38,,0.51,,0.0,
0.01,,"[416, 162, 357, 415]",,0.0,,0.02,,0.02,,0.55,,0.4,,0.0,
0.01,,"[426, 170, 347, 402]",,0.0,,0.04,,0.03,,0.32,,0.6,,0.0,
0.01,,"[412, 163, 354, 407]",,0.0,,0.05,,0.04,,0.41,,0.49,,0.0,
0.01,,"[407, 158, 357, 414]",,0.0,,0.08,,0.02,,0.28,,0.61,,0.0,
0.0,,"[392, 82, 343, 396]",,0.0,,0.07,,0.01,,0.23,,0.69,,0.0,
0.01,,"[391, 60, 340, 396]",,0.0,,0.08,,0.0,,0.17,,0.74,,0.0,
0.01,,"[389, 51, 345, 400]",,0.0,,0.12,,0.01,,0.19,,0.67,,0.0,
0.0,,"[394, 43, 342, 396]",,0.0,,0.1,,0.01,,0.21,,0.68,,0.0,
0.0,,"[398, 40, 341, 390]",,0.0,,0.05,,0.01,,0.36,,0.57,,0.0,
0.0,,"[397, 34, 341, 395]",,0.0,,0.05,,0.02,,0.4,,0.53,,0.0,
0.01,,"[393, 27, 341, 400]",,0.0,,0.04,,0.01,,0.34,,0.6,,0.0,
0.01,,"[401, 26, 339, 395]",,0.0,,0.06,,0.01,,0.26,,0.66,,0.0,
0.01,,"[403, 24, 340, 396]",,0.0,,0.05,,0.02,,0.38,,0.54,,0.0,
0.0,,"[405, 24, 337, 394]",,0.0,,0.04,,0.01,,0.48,,0.47,,0.0,
0.0,,"[408, 24, 336, 392]",,0.0,,0.05,,0.01,,0.39,,0.54,,0.0,
0.0,,"[412, 24, 333, 391]",,0.0,,0.05,,0.02,,0.37,,0.57,,0.0,
0.01,,"[411, 26, 336, 396]",,0.0,,0.09,,0.01,,0.32,,0.57,,0.0,
0.01,,"[420, 28, 333, 389]",,0.0,,0.03,,0.02,,0.42,,0.52,,0.0,
0.01,,"[427, 37, 332, 384]",,0.0,,0.04,,0.01,,0.29,,0.66,,0.0,
0.0,,"[437, 47, 322, 373]",,0.0,,0.03,,0.01,,0.36,,0.6,,0.0,
0.01,,"[438, 51, 325, 376]",,0.0,,0.04,,0.01,,0.25,,0.7,,0.0,
0.01,,"[440, 51, 332, 390]",,0.0,,0.05,,0.01,,0.3,,0.64,,0.0,
0.0,,"[441, 55, 334, 392]",,0.0,,0.04,,0.01,,0.37,,0.58,,0.0,
0.0,,"[442, 65, 327, 377]",,0.0,,0.05,,0.01,,0.35,,0.59,,0.0,
0.0,,"[453, 69, 320, 370]",,0.0,,0.04,,0.01,,0.37,,0.57,,0.0,
0.01,,"[455, 70, 321, 374]",,0.0,,0.04,,0.02,,0.34,,0.59,,0.0,
0.0,,"[452, 77, 326, 375]",,0.0,,0.05,,0.02,,0.37,,0.55,,0.0,
0.01,,"[456, 80, 325, 373]",,0.0,,0.03,,0.01,,0.36,,0.59,,0.0,
0.01,,"[438, 75, 336, 391]",,0.0,,0.06,,0.01,,0.23,,0.69,,0.0,
0.0,,"[437, 78, 336, 391]",,0.0,,0.05,,0.01,,0.26,,0.67,,0.0,
0.01,,"[439, 82, 333, 391]",,0.0,,0.05,,0.03,,0.54,,0.37,,0.0,
0.0,,"[439, 85, 332, 388]",,0.0,,0.03,,0.02,,0.58,,0.36,,0.0,
0.01,,"[437, 85, 333, 390]",,0.0,,0.05,,0.02,,0.54,,0.38,,0.0,
0.01,,"[428, 82, 339, 395]",,0.0,,0.06,,0.02,,0.57,,0.33,,0.0,
0.01,,"[426, 80, 341, 397]",,0.0,,0.04,,0.02,,0.56,,0.37,,0.0,
0.01,,"[423, 81, 341, 397]",,0.0,,0.04,,0.02,,0.53,,0.4,,0.0,
0.02,,"[420, 83, 341, 400]",,0.0,,0.05,,0.02,,0.57,,0.34,,0.0,
0.01,,"[420, 85, 340, 399]",,0.0,,0.02,,0.04,,0.65,,0.27,,0.0,
0.03,,"[413, 83, 346, 402]",,0.0,,0.04,,0.06,,0.48,,0.38,,0.0,
0.03,,"[417, 91, 340, 394]",,0.0,,0.02,,0.05,,0.4,,0.5,,0.0,
0.04,,"[418, 102, 330, 385]",,0.0,,0.04,,0.07,,0.4,,0.44,,0.0,
0.07,,"[416, 100, 331, 387]",,0.0,,0.03,,0.12,,0.42,,0.35,,0.0,
0.04,,"[412, 91, 342, 402]",,0.0,,0.01,,0.14,,0.48,,0.33,,0.0,
0.05,,"[407, 87, 345, 410]",,0.0,,0.01,,0.28,,0.5,,0.16,,0.0,
0.06,,"[406, 88, 346, 410]",,0.0,,0.01,,0.41,,0.35,,0.17,,0.0,
0.05,,"[400, 90, 351, 415]",,0.0,,0.01,,0.17,,0.65,,0.12,,0.0,
0.04,,"[397, 87, 355, 419]",,0.0,,0.01,,0.48,,0.4,,0.06,,0.0,
0.1,,"[407, 101, 340, 393]",,0.0,,0.03,,0.46,,0.33,,0.1,,0.0,
0.03,,"[404, 98, 348, 400]",,0.0,,0.01,,0.73,,0.21,,0.02,,0.0,
0.01,,"[402, 105, 344, 393]",,0.0,,0.0,,0.9,,0.08,,0.01,,0.0,
0.01,,"[403, 105, 344, 392]",,0.0,,0.0,,0.9,,0.08,,0.01,,0.0,
0.0,,"[404, 105, 343, 392]",,0.0,,0.0,,0.94,,0.06,,0.0,,0.0,
0.0,,"[402, 103, 345, 395]",,0.0,,0.0,,0.95,,0.04,,0.0,,0.0,
0.0,,"[402, 106, 346, 394]",,0.0,,0.0,,0.95,,0.04,,0.0,,0.0,
0.0,,"[401, 108, 347, 396]",,0.0,,0.0,,0.94,,0.05,,0.0,,0.0,
0.01,,"[399, 103, 351, 407]",,0.0,,0.0,,0.93,,0.05,,0.01,,0.0,
0.0,,"[393, 99, 358, 421]",,0.0,,0.0,,0.94,,0.05,,0.0,,0.0,
0.0,,"[402, 114, 347, 397]",,0.0,,0.0,,0.94,,0.05,,0.0,,0.0,
0.01,,"[404, 123, 342, 388]",,0.0,,0.01,,0.9,,0.09,,0.0,,0.0,
0.01,,"[403, 126, 340, 386]",,0.0,,0.01,,0.86,,0.12,,0.01,,0.0,
0.01,,"[402, 124, 341, 390]",,0.0,,0.01,,0.9,,0.08,,0.0,,0.0,
0.01,,"[401, 126, 342, 389]",,0.0,,0.01,,0.9,,0.08,,0.01,,0.0,
0.01,,"[399, 126, 341, 391]",,0.0,,0.0,,0.92,,0.06,,0.01,,0.0,
0.01,,"[400, 130, 338, 387]",,0.0,,0.0,,0.94,,0.04,,0.0,,0.0,
0.01,,"[399, 131, 338, 386]",,0.0,,0.01,,0.91,,0.07,,0.01,,0.0,
0.01,,"[398, 132, 339, 388]",,0.0,,0.01,,0.93,,0.05,,0.01,,0.0,
0.02,,"[397, 133, 337, 391]",,0.0,,0.04,,0.78,,0.13,,0.04,,0.0,
0.03,,"[396, 133, 337, 395]",,0.0,,0.03,,0.82,,0.09,,0.04,,0.0,
0.02,,"[392, 129, 342, 408]",,0.0,,0.01,,0.86,,0.09,,0.02,,0.0,
0.02,,"[390, 130, 343, 409]",,0.0,,0.01,,0.87,,0.08,,0.02,,0.0,
0.02,,"[388, 130, 344, 410]",,0.0,,0.01,,0.86,,0.08,,0.02,,0.0,
0.01,,"[387, 130, 345, 408]",,0.0,,0.01,,0.92,,0.04,,0.02,,0.0,
0.01,,"[384, 129, 346, 410]",,0.0,,0.0,,0.93,,0.04,,0.01,,0.0,
0.01,,"[395, 130, 345, 407]",,0.0,,0.0,,0.95,,0.03,,0.01,,0.0,
0.01,,"[394, 129, 346, 410]",,0.0,,0.0,,0.96,,0.03,,0.01,,0.0,
0.01,,"[391, 128, 347, 412]",,0.0,,0.0,,0.96,,0.03,,0.0,,0.0,
0.02,,"[376, 123, 356, 422]",,0.0,,0.0,,0.92,,0.06,,0.0,,0.0,
0.02,,"[378, 127, 352, 416]",,0.0,,0.0,,0.92,,0.06,,0.01,,0.0,
0.01,,"[376, 125, 358, 421]",,0.0,,0.0,,0.89,,0.08,,0.01,,0.0,
0.02,,"[374, 127, 360, 422]",,0.0,,0.0,,0.89,,0.09,,0.01,,0.0,
0.01,,"[377, 128, 357, 420]",,0.0,,0.0,,0.91,,0.08,,0.0,,0.0,
0.02,,"[384, 137, 348, 411]",,0.0,,0.0,,0.91,,0.07,,0.01,,0.0,
0.02,,"[384, 137, 350, 413]",,0.0,,0.0,,0.89,,0.07,,0.01,,0.0,
0.02,,"[384, 136, 352, 416]",,0.0,,0.0,,0.86,,0.1,,0.01,,0.0,
0.03,,"[385, 136, 353, 418]",,0.0,,0.01,,0.82,,0.13,,0.01,,0.0,
0.02,,"[384, 137, 355, 414]",,0.0,,0.0,,0.85,,0.11,,0.01,,0.0,
0.03,,"[385, 138, 357, 413]",,0.0,,0.0,,0.8,,0.15,,0.01,,0.0,
0.02,,"[395, 148, 344, 411]",,0.0,,0.01,,0.84,,0.11,,0.02,,0.0,
0.02,,"[399, 151, 340, 408]",,0.0,,0.01,,0.85,,0.1,,0.01,,0.0,
0.02,,"[396, 148, 353, 406]",,0.0,,0.0,,0.92,,0.05,,0.01,,0.0,
0.02,,"[401, 149, 349, 404]",,0.0,,0.0,,0.91,,0.06,,0.01,,0.0,
0.01,,"[405, 149, 346, 405]",,0.0,,0.0,,0.94,,0.04,,0.01,,0.0,
0.02,,"[395, 135, 363, 430]",,0.0,,0.0,,0.88,,0.09,,0.01,,0.0,
0.02,,"[398, 134, 364, 430]",,0.0,,0.0,,0.91,,0.06,,0.01,,0.0,
0.01,,"[400, 135, 366, 430]",,0.0,,0.0,,0.93,,0.05,,0.01,,0.0,
0.02,,"[407, 136, 360, 430]",,0.0,,0.0,,0.92,,0.06,,0.01,,0.0,
0.02,,"[409, 136, 359, 429]",,0.0,,0.0,,0.91,,0.06,,0.01,,0.0,
0.03,,"[412, 140, 357, 426]",,0.0,,0.0,,0.89,,0.06,,0.01,,0.0,
0.03,,"[415, 140, 356, 426]",,0.0,,0.0,,0.89,,0.07,,0.01,,0.0,
0.02,,"[417, 139, 355, 428]",,0.0,,0.0,,0.89,,0.08,,0.01,,0.0,
0.02,,"[423, 149, 347, 416]",,0.0,,0.0,,0.85,,0.12,,0.01,,0.0,
0.02,,"[422, 139, 357, 422]",,0.0,,0.0,,0.87,,0.1,,0.01,,0.0,
0.02,,"[426, 142, 353, 417]",,0.0,,0.0,,0.86,,0.12,,0.01,,0.0,
0.03,,"[426, 140, 357, 421]",,0.0,,0.0,,0.87,,0.1,,0.01,,0.0,
0.02,,"[428, 141, 357, 421]",,0.0,,0.0,,0.92,,0.06,,0.01,,0.0,
0.01,,"[430, 141, 356, 419]",,0.0,,0.0,,0.93,,0.05,,0.0,,0.0,
0.01,,"[433, 143, 349, 418]",,0.0,,0.0,,0.92,,0.06,,0.01,,0.0,
0.02,,"[435, 143, 348, 415]",,0.0,,0.0,,0.91,,0.07,,0.01,,0.0,
0.01,,"[438, 144, 347, 413]",,0.0,,0.0,,0.92,,0.06,,0.01,,0.0,
0.01,,"[440, 146, 345, 412]",,0.0,,0.0,,0.92,,0.06,,0.01,,0.0,
0.01,,"[446, 149, 343, 400]",,0.0,,0.0,,0.95,,0.03,,0.0,,0.0,
0.01,,"[441, 153, 355, 409]",,0.0,,0.0,,0.96,,0.03,,0.0,,0.0,
0.01,,"[445, 162, 348, 399]",,0.0,,0.0,,0.91,,0.06,,0.01,,0.0,
0.01,,"[446, 159, 354, 418]",,0.0,,0.0,,0.93,,0.04,,0.01,,0.0,
0.04,,"[450, 161, 345, 408]",,0.0,,0.01,,0.76,,0.14,,0.05,,0.0,
0.05,,"[447, 162, 355, 418]",,0.0,,0.01,,0.74,,0.13,,0.07,,0.0,
0.11,,"[451, 163, 352, 415]",,0.0,,0.02,,0.6,,0.14,,0.14,,0.0,
0.13,,"[450, 163, 352, 414]",,0.0,,0.03,,0.46,,0.19,,0.19,,0.0,
0.14,,"[448, 163, 352, 413]",,0.0,,0.05,,0.3,,0.19,,0.32,,0.0,
0.16,,"[449, 162, 353, 412]",,0.0,,0.03,,0.4,,0.2,,0.21,,0.0,
0.14,,"[452, 162, 350, 406]",,0.0,,0.03,,0.35,,0.26,,0.22,,0.0,
0.14,,"[457, 164, 346, 399]",,0.0,,0.04,,0.24,,0.2,,0.38,,0.0,
0.14,,"[455, 160, 347, 402]",,0.0,,0.04,,0.18,,0.32,,0.32,,0.0,
0.22,,"[453, 159, 346, 403]",,0.0,,0.05,,0.11,,0.27,,0.34,,0.0,
0.17,,"[459, 154, 343, 405]",,0.0,,0.03,,0.23,,0.23,,0.34,,0.0,
0.16,,"[458, 151, 345, 407]",,0.0,,0.03,,0.21,,0.24,,0.35,,0.0,
0.23,,"[453, 148, 347, 408]",,0.0,,0.04,,0.17,,0.22,,0.35,,0.0,
0.27,,"[456, 150, 341, 403]",,0.0,,0.04,,0.15,,0.26,,0.29,,0.0,
0.14,,"[466, 162, 328, 388]",,0.0,,0.07,,0.07,,0.28,,0.44,,0.0,
0.17,,"[461, 157, 331, 389]",,0.0,,0.12,,0.08,,0.2,,0.43,,0.0,
0.16,,"[462, 151, 331, 390]",,0.0,,0.08,,0.05,,0.22,,0.49,,0.0,
0.16,,"[461, 150, 331, 387]",,0.0,,0.07,,0.05,,0.25,,0.46,,0.0,
0.18,,"[456, 146, 337, 391]",,0.0,,0.08,,0.08,,0.28,,0.38,,0.0,
0.18,,"[453, 137, 341, 401]",,0.0,,0.04,,0.12,,0.28,,0.37,,0.0,
0.16,,"[455, 136, 338, 400]",,0.0,,0.04,,0.09,,0.21,,0.5,,0.0,
0.15,,"[454, 135, 337, 398]",,0.0,,0.04,,0.09,,0.25,,0.47,,0.0,
0.19,,"[452, 133, 340, 404]",,0.0,,0.03,,0.16,,0.16,,0.47,,0.0,
0.25,,"[448, 134, 341, 406]",,0.0,,0.05,,0.11,,0.18,,0.41,,0.0,
0.26,,"[452, 136, 337, 400]",,0.0,,0.03,,0.11,,0.24,,0.36,,0.0,
0.17,0.61,"[450, 134, 339, 400]","[289, 481, 68, 81]",0.0,0.0,0.02,0.16,0.2,0.01,0.25,0.18,0.35,0.04,0.0,0.0
0.17,,"[448, 134, 338, 401]",,0.0,,0.02,,0.24,,0.25,,0.31,,0.0,
0.13,,"[444, 131, 340, 405]",,0.0,,0.02,,0.32,,0.32,,0.21,,0.0,
0.24,,"[443, 132, 338, 399]",,0.0,,0.02,,0.12,,0.36,,0.26,,0.0,
0.18,,"[439, 131, 341, 406]",,0.0,,0.01,,0.31,,0.3,,0.2,,0.0,
0.24,,"[441, 130, 339, 401]",,0.0,,0.03,,0.09,,0.33,,0.32,,0.0,
0.3,,"[441, 131, 340, 403]",,0.0,,0.03,,0.14,,0.27,,0.27,,0.0,
0.14,,"[432, 138, 326, 391]",,0.0,,0.08,,0.1,,0.33,,0.34,,0.0,
0.15,,"[424, 123, 350, 417]",,0.0,,0.02,,0.3,,0.27,,0.26,,0.0,
0.2,,"[419, 121, 354, 419]",,0.0,,0.02,,0.24,,0.25,,0.29,,0.0,
0.19,,"[425, 142, 323, 385]",,0.0,,0.11,,0.07,,0.33,,0.29,,0.0,
0.17,,"[422, 139, 326, 390]",,0.0,,0.09,,0.07,,0.3,,0.37,,0.0,
0.16,,"[421, 137, 327, 393]",,0.0,,0.08,,0.06,,0.31,,0.39,,0.0,
0.14,,"[409, 121, 358, 422]",,0.0,,0.02,,0.35,,0.19,,0.3,,0.0,
0.14,,"[406, 121, 359, 423]",,0.0,,0.02,,0.28,,0.24,,0.32,,0.0,
0.12,,"[403, 120, 360, 425]",,0.0,,0.01,,0.39,,0.26,,0.22,,0.0,
0.15,,"[400, 120, 361, 425]",,0.0,,0.02,,0.29,,0.28,,0.25,,0.0,
0.17,,"[399, 120, 361, 424]",,0.0,,0.01,,0.26,,0.3,,0.25,,0.0,
0.18,,"[397, 120, 361, 424]",,0.0,,0.02,,0.21,,0.34,,0.25,,0.0,
0.18,,"[399, 121, 356, 416]",,0.0,,0.02,,0.17,,0.35,,0.27,,0.0,
0.16,,"[399, 124, 353, 416]",,0.0,,0.03,,0.14,,0.37,,0.3,,0.0,
